id,x,y,dy
0,0.0,0.0,0.0976270078546495
1,0.001001001001001001,0.0324431919201216,0.4628219246649605
2,0.002002002002002002,0.06485529204648394,0.2703820441897717
3,0.003003003003003003,0.09720523933062926,0.18697160532442297
4,0.004004004004004004,0.12946203418430002,-0.02322836713789056
5,0.005005005005005005,0.1615947691335627,0.4533829952668749
6,0.006006006006006006,0.19357265938184315,0.06874708190722817
7,0.007007007007007007,0.22536507325165245,1.008911074815812
8,0.008008008008008008,0.25694156247489963,1.1842670834769582
9,0.009009009009009009,0.2882718923018391,0.055154929953394494
10,0.01001001001001001,0.3193260713988789,0.9027761475642081
11,0.011011011011011011,0.3500743815056862,0.40786422101149516
12,0.012012012012012012,0.3804874068222619,0.5165765290101265
13,0.013013013013013013,0.4105360630969259,1.261729339682248
14,0.014014014014014014,0.4401916263864493,-0.4177362572177768
15,0.015015015015015015,0.4694257614598924,-0.3563156391370262
16,0.016016016016016016,0.4982105498180637,-0.4613526553012849
17,0.017017017017017015,0.52651851730089,1.1917582083967662
18,0.018018018018018018,0.5543226612554004,1.1106361631551014
19,0.01901901901901902,0.5815964772374561,1.3216207737310945
20,0.02002002002002002,0.6083139852208251,1.565550669686353
21,0.02102102102102102,0.6344497552876828,1.2327668837211299
22,0.022022022022022022,0.6599789327751339,0.5829376572809976
23,0.023023023023023025,0.6848772628528911,1.2459356154258021
24,0.024024024024024024,0.7091211145078049,-0.054330033754328655
25,0.025025025025025023,0.7326875039115294,1.0125295465665771
26,0.026026026026026026,0.7555541171482144,0.04226069196630722
27,0.02702702702702703,0.7776993322797514,1.6670371663789192
28,0.028028028028028028,0.7991022407267527,0.8427988842268961
29,0.029029029029029027,0.8197426679441228,0.6490665479251699
30,0.03003003003003003,0.839601193370774,0.36871241758002793
31,0.031031031031031032,0.8586591696337622,1.4071265485021955
32,0.03203203203203203,0.8768987409878497,0.7891994054209468
33,0.03303303303303303,0.8943028609722639,1.0311707587095609
34,0.03403403403403403,0.9108553092671875,-0.05156508986010222
35,0.035035035035035036,0.926540707733319,1.161811701885073
36,0.036036036036036036,0.9413445356186326,1.1655359810634756
37,0.037037037037037035,0.9552531439173111,1.189121137666825
38,0.03803803803803804,0.9682537688666423,1.8557499258958905
39,0.03903903903903904,0.9803345445685423,1.3439751427755091
40,0.04004004004004004,0.9914845147232167,0.7105003158707888
41,0.04104104104104104,1.001693643463362,0.875757551062045
42,0.04204204204204204,1.0109528252781916,1.4062152171327214
43,0.043043043043043044,1.0192538940174727,0.13970483727601235
44,0.044044044044044044,1.0265896309666718,1.3601230618580071
45,0.04504504504504504,1.032953771985223,1.374229511221542
46,0.04604604604604605,1.0383410137008597,0.45910613584854154
47,0.04704704704704705,1.0427470187538848,0.30059961406359137
48,0.04804804804804805,1.0461684200861943,0.677025121934562
49,0.04904904904904905,1.0486028242708128,0.776024366156058
50,0.050050050050050046,1.0500488138786475,1.1904423547144067
51,0.05105105105105105,1.0505059488801203,0.927708975804761
52,0.05205205205205205,1.0499747670802952,2.0267224431987474
53,0.05305305305305305,1.0484567835870655,0.25254640508312165
54,0.05405405405405406,1.045954489312931,0.4637080015026003
55,0.055055055055055056,1.042471348511844,0.3650903842818365
56,0.056056056056056056,1.0380117953535628,1.3442284462843597
57,0.057057057057057055,1.0325812295388959,0.5391644346184601
58,0.058058058058058054,1.0261860109601768,0.9588075566727894
59,0.05905905905905906,1.018833453412248,0.5076846374154536
60,0.06006006006006006,1.0105318173601716,0.32847098465121105
61,0.06106106106106106,1.0012903017708201,0.2220405840994304
62,0.062062062062062065,0.9911190350164248,1.3037782139469716
63,0.06306306306306306,0.9800290648590766,0.2563949675563042
64,0.06406406406406406,0.9680323475260803,0.36119707088618724
65,0.06506506506506507,0.9551417358869709,0.6925920772088991
66,0.06606606606606606,0.9413709667438791,1.5833574264397492
67,0.06706706706706707,0.9267346472478123,0.12093719883393483
68,0.06806806806806806,0.9112482404542908,1.5871380554518986
69,0.06906906906906907,0.8949280500326123,0.08712486582053847
70,0.07007007007007007,0.8777912041438768,1.8307101341706682
71,0.07107107107107107,0.8598556385037025,0.7971580417991057
72,0.07207207207207207,0.8411400786463891,1.7946622550270632
73,0.07307307307307308,0.8216640214080637,1.0313550608981557
74,0.07407407407407407,0.8014477156471229,1.2799748744437263
75,0.07507507507507508,0.7805121422210282,-0.1411122732703305
76,0.07607607607607608,0.7588789932392652,0.3244929183920844
77,0.07707707707707707,0.7365706506129732,-0.023036226960688966
78,0.07807807807807808,0.7136101639224622,0.3058905589667521
79,0.07907907907907907,0.6900212276245021,-0.07252333446700976
80,0.08008008008008008,0.6658281576219194,0.3017945164098714
81,0.08108108108108109,0.6410558672186766,0.4695818562480165
82,0.08208208208208208,0.6157298424842047,-0.2559751648182266
83,0.08308308308308308,0.5898761170513557,0.9748203557913954
84,0.08408408408408408,0.563521246372894,0.6967241547860443
85,0.08508508508508508,0.5366922814619804,0.06747126334087128
86,0.08608608608608609,0.5094167421426206,0.5559128490760199
87,0.08708708708708708,0.48172258983652816,-0.3303963886465885
88,0.08808808808808809,0.4536381999133071,0.6055311910256657
89,0.0890890890890891,0.42519233363130493,1.2837847287837332
90,0.09009009009009009,0.39641410969687385,0.033552014599521174
91,0.09109109109109109,0.3673329754701656,0.7021537353975289
92,0.0920920920920921,0.3379786778459422,-0.39842559734527344
93,0.09309309309309309,0.30838123383818344,0.7410356420753146
94,0.0940940940940941,0.2785709008975866,-0.14261691320801118
95,0.09509509509509509,0.24857814699131173,-0.3850391289944546
96,0.0960960960960961,0.2184336204745534,0.3914594900947197
97,0.0970970970970971,0.18816811978373776,-0.7716167878412752
98,0.0980980980980981,0.15781256298130844,0.8156926214160346
99,0.0990990990990991,0.1273979571822174,-0.8632110904326885
100,0.10010010010010009,0.0969553678923641,0.4525884414848243
101,0.1011011011011011,0.06651588828928387,-0.3934681653263864
102,0.1021021021021021,0.036110608475481434,0.5064986527206712
103,0.1031031031031031,0.00577058473480091,0.9301476749696773
104,0.1041041041041041,-0.024473191177764378,-0.5269669041378483
105,0.10510510510510511,-0.0545898226824444,0.09772484615322939
106,0.1061061061061061,-0.08454853892695835,0.09953532361671968
107,0.10710710710710711,-0.11431872521445177,0.030185086367294972
108,0.10810810810810811,-0.14386995327701707,-0.6977066879957805
109,0.1091091091091091,-0.17317201136486243,0.7323260116691075
110,0.11011011011011011,-0.2021949341213794,-0.3079441768861247
111,0.1111111111111111,-0.2309090322145571,0.46190831272769856
112,0.11211211211211211,-0.2592849216954558,0.13967362893955282
113,0.11311311311311312,-0.28729355305469073,-0.6924196513444234
114,0.11411411411411411,-0.3149062399482122,0.31268939945674223
115,0.11511511511511512,-0.34209468756396405,-0.5490832058699948
116,0.11611611611611611,-0.3688310206013712,0.393375373620952
117,0.11711711711711711,-0.395087810835997,-0.2325420655642796
118,0.11811811811811812,-0.42083810424209833,0.34263261946760726
119,0.11911911911911911,-0.4460554476462736,-0.060992267490741825
120,0.12012012012012012,-0.47071391488583764,-0.02020535524655659
121,0.12112112112112113,-0.4947881324460584,-0.4921393685926539
122,0.12212212212212212,-0.5182533045509037,0.3939139648955441
123,0.12312312312312312,-0.5410852376824908,-0.253104839223216
124,0.12412412412412413,-0.5632603645049861,-0.7155502673886267
125,0.12512512512512514,-0.5847557671693036,-0.37196933891345485
126,0.12612612612612611,-0.6055491999755518,-1.5671628033568847
127,0.12712712712712712,-0.6256191113708275,-1.022469478021729
128,0.12812812812812813,-0.6449446652605894,-0.3245975902752193
129,0.12912912912912913,-0.6635057616125556,-1.0833505471916673
130,0.13013013013013014,-0.6812830563327357,-0.4452521983350526
131,0.13113113113113112,-0.6982579803939513,-0.840720578502419
132,0.13213213213213212,-0.7144127581979283,-1.4434646297530278
133,0.13313313313313313,-0.729730425152798,-1.1331657732407363
134,0.13413413413413414,-0.7441948444486347,-0.604265023046105
135,0.13513513513513514,-0.7577907230144332,-0.5760452005180867
136,0.13613613613613612,-0.7705036266407528,-0.6218531289415952
137,0.13713713713713713,-0.782319994253068,-0.4759183545388007
138,0.13813813813813813,-0.7932271513217158,-0.48902061131833807
139,0.13913913913913914,-0.8032133223951795,-0.9403764515272316
140,0.14014014014014015,-0.8122676427443114,-0.019174451042185403
141,0.14114114114114115,-0.8203801691059844,-1.0852564290101914
142,0.14214214214214213,-0.8275418895155454,-0.9558120389842918
143,0.14314314314314314,-0.8337447322183494,-0.04989802218700523
144,0.14414414414414414,-0.83898157365156,-0.22659359555938852
145,0.14514514514514515,-0.8432462454883276,-0.43546907840759497
146,0.14614614614614616,-0.8465335407373741,-1.6460797661127717
147,0.14714714714714713,-0.8488392188919571,-0.009873991402610027
148,0.14814814814814814,-0.85016001012312,-0.4216774110248972
149,0.14914914914914915,-0.8504936185130808,0.14720039462265222
150,0.15015015015015015,-0.8498387243255638,-1.5509421150095763
151,0.15115115115115116,-0.8481949853108297,-0.11194287057440122
152,0.15215215215215216,-0.8455630370441093,-1.5205771676913598
153,0.15315315315315314,-0.841944492297113,-0.6108253637294246
154,0.15415415415415415,-0.8373419394432308,-1.5897019737443476
155,0.15515515515515516,-0.831758939898005,-0.13574248125353616
156,0.15615615615615616,-0.8252000245974033,-0.21056210714738188
157,0.15715715715715717,-0.817670689517377,-0.6794692122881903
158,0.15815815815815815,-0.8091773902391322,-0.9948107957871328
159,0.15915915915915915,-0.7997275355654907,-1.6613935446552146
160,0.16016016016016016,-0.7893294801946531,-0.3944719339055258
161,0.16116116116116116,-0.7779925164586068,-0.8709071511024691
162,0.16216216216216217,-0.7657268651343473,-0.32161566619365145
163,0.16316316316316315,-0.7525436653370063,-0.019779013479747976
164,0.16416416416416416,-0.7384549635048702,0.21258804650090146
165,0.16516516516516516,-0.7234737014871908,-0.011867016701968769
166,0.16616616616616617,-0.7076137037465624,-1.6841855353765585
167,0.16716716716716717,-0.6908896636885202,-0.9709335347317924
168,0.16816816816816815,-0.6733171291318822,-0.2133360042837662
169,0.16916916916916916,-0.6549124869341953,-1.3116531324113143
170,0.17017017017017017,-0.6356929467874994,-0.5936197343792409
171,0.17117117117117117,-0.6156765242004191,-1.507000547521912
172,0.17217217217217218,-0.5948820226834267,-1.1948889728906265
173,0.17317317317317318,-0.5733290151548788,-1.536285426233651
174,0.17417417417417416,-0.5510378245862236,0.036357582128617616
175,0.17517517517517517,-0.528029503905509,-1.0801801277847487
176,0.17617617617617617,-0.5043258151790763,-0.8136224537852709
177,0.17717717717717718,-0.47994920809201125,0.3762133788391705
178,0.1781781781781782,-0.45492279774864275,-0.0460939939015772
179,0.17917917917917917,-0.42927034181503876,-1.365592482752423
180,0.18018018018018017,-0.40301621702609375,-1.0736279040302683
181,0.18118118118118118,-0.37618539508046134,-0.1332285920809343
182,0.18218218218218218,-0.3488034179471383,-0.19434624073880313
183,0.1831831831831832,-0.3208963726081414,-0.8451107298591242
184,0.1841841841841842,-0.29249086526224294,0.5759371305873446
185,0.18518518518518517,-0.26361399501527727,-0.035682083083485305
186,0.18618618618618618,-0.23429332708302816,-0.16302772103311156
187,0.1871871871871872,-0.20455686553321073,-0.024736912824068757
188,0.1881881881881882,-0.1744330255934791,0.2858110334400602
189,0.1891891891891892,-0.14395060555286848,-0.5200606145936648
190,0.19019019019019018,-0.11313875828443715,-0.3166966338522534
191,0.19119119119119118,-0.08202696241727511,-0.6623394644670308
192,0.1921921921921922,-0.05064499318639515,-0.6782589814257228
193,0.1931931931931932,-0.019022892989314644,0.8697218869785526
194,0.1941941941941942,0.012809058321543443,0.49191064842011856
195,0.19519519519519518,0.04482037338125819,0.025737990616392342
196,0.1961961961961962,0.07698038746002193,-0.4681903565933316
197,0.1971971971971972,0.1092582887861353,-0.3820287476730788
198,0.1981981981981982,0.14162314901440548,-0.7423185303378432
199,0.1991991991991992,0.17404395380982327,0.04287720492606481
200,0.20020020020020018,0.2064896335162672,-0.16991860249552765
201,0.2012012012012012,0.2389290938799179,0.6316160715108369
202,0.2022022022022022,0.27133124679698656,0.02683492538194837
203,0.2032032032032032,0.30366504105537123,-0.33712760382535917
204,0.2042042042042042,0.33589949303982813,-0.6147430501775094
205,0.20520520520520522,0.36800371737029924,-0.4974970197032036
206,0.2062062062062062,0.39994695744310294,0.7587325044402375
207,0.2072072072072072,0.4316986158447792,0.3390923049568698
208,0.2082082082082082,0.4632282846085183,0.5363867068259627
209,0.2092092092092092,0.4945057752832589,1.287848361363943
210,0.21021021021021022,0.5255011487857129,1.5061790435791216
211,0.2112112112112112,0.5561847450058013,-0.010021286197250845
212,0.2122122122122122,0.5865272121362309,0.9126836183364325
213,0.2132132132132132,0.6164995356971937,0.14314428917149502
214,0.21421421421421422,0.6460730672275111,-0.3126249338410315
215,0.21521521521521522,0.675219552613826,1.191976860286109
216,0.21621621621621623,0.7039111600298508,0.34394546167478646
217,0.2172172172172172,0.7321205074580294,0.4990482958018253
218,0.2182182182182182,0.7598206897664079,0.9364549168736194
219,0.21921921921921922,0.7869853053139271,1.449082215786308
220,0.22022022022022023,0.8135884820578407,1.0715521692401382
221,0.22122122122122123,0.839604903137437,1.5849062140322276
222,0.2222222222222222,0.8650098319087607,0.4120939015400322
223,0.22322322322322322,0.8897791364055946,1.485872804230722
224,0.22422422422422422,0.9138893132024857,0.2851612018143901
225,0.22522522522522523,0.9373175106562506,1.8429008246001397
226,0.22622622622622623,0.960041551502954,1.3350181042785847
227,0.2272272272272272,0.9820399547880256,0.41305530901514254
228,0.22822822822822822,1.0032919571078296,1.898033138085678
229,0.22922922922922923,1.0237775331416727,1.4854891466819884
230,0.23023023023023023,1.0434774154539632,0.5513607006440149
231,0.23123123123123124,1.0623731135469245,0.4889970682818885
232,0.23223223223223222,1.0804469321450338,1.1168483600063603
233,0.23323323323323322,1.0976819886930977,0.1490074248021609
234,0.23423423423423423,1.1140622300506633,0.5290023809328821
235,0.23523523523523523,1.1295724483662624,0.9789433858692749
236,0.23623623623623624,1.1441982961157824,0.8925382567842335
237,0.23723723723723725,1.1579263002901006,1.085077149019722
238,0.23823823823823823,1.1707438757179456,0.7260012883074094
239,0.23923923923923923,1.1826393375108202,1.3562080304271578
240,0.24024024024024024,1.1936019126176693,1.9213131244641322
241,0.24124124124124124,1.2036217504778746,0.43868546240194073
242,0.24224224224224225,1.2126899327620393,1.2474481470702676
243,0.24324324324324323,1.2207984821909292,0.48493469488123586
244,0.24424424424424424,1.2279403704238543,1.6616597328090417
245,0.24524524524524524,1.2341095250086809,1.0262289306232684
246,0.24624624624624625,1.239300835386614,1.3701434591036319
247,0.24724724724724725,1.2435101579458017,0.6100698303739589
248,0.24824824824824826,1.2467343201187706,0.5364298388055251
249,0.24924924924924924,1.248971123519638,1.225083684817547
250,0.2502502502502503,1.2502193461179971,0.9614448218179084
251,0.25125125125125125,1.2504787434473306,2.131342633952957
252,0.25225225225225223,1.2497500488467521,1.7804005564606826
253,0.25325325325325326,1.2480349727358386,1.7453622124369332
254,0.25425425425425424,1.245336200923274,2.0527756804151407
255,0.2552552552552553,1.2416573919509697,0.4085022628350068
256,0.25625625625625625,1.237003173476296,1.3413881133211092
257,0.25725725725725723,1.2313791376959937,1.4003312756075315
258,0.25825825825825827,1.2247918358162997,2.148664592910758
259,0.25925925925925924,1.2172487715747482,0.8015438251598459
260,0.2602602602602603,1.2087583938200555,0.6904159536509491
261,0.26126126126126126,1.1993300881574276,0.3999179726884232
262,0.26226226226226224,1.1889741676675476,0.221833426850496
263,0.26326326326326327,1.1777018627084292,2.0367604962928105
264,0.26426426426426425,1.1655253098102092,1.5053584029920293
265,0.2652652652652653,1.1524575396738694,1.722763363720145
266,0.26626626626626626,1.1385124642857525,0.7019726757936506
267,0.26726726726726724,1.123704863160614,1.2965251955332673
268,0.2682682682682683,1.1080503687268077,0.23596090096876998
269,0.26926926926926925,1.0915654508680792,1.062820642737325
270,0.2702702702702703,1.0742674006372113,2.029257680126105
271,0.27127127127127126,1.056174313157676,1.8091848037908576
272,0.27227227227227224,1.0373050697301633,0.7136229734038546
273,0.2732732732732733,1.0176793191616922,1.9408196282446892
274,0.27427427427427425,0.9973174583357844,0.4607207112781935
275,0.2752752752752753,0.9762406120428723,1.874878256874235
276,0.27627627627627627,0.9544706120909432,1.8372260215039404
277,0.2772772772772773,0.9320299757170114,1.5304351504217948
278,0.2782782782782783,0.9089418833208358,1.169837757054418
279,0.27927927927927926,0.8852301555428288,1.6338060887927228
280,0.2802802802802803,0.8609192297088857,0.4469597987244791
281,0.28128128128128127,0.8360341356653994,1.5339212462912357
282,0.2822822822822823,0.810600471028333,1.0463538548633806
283,0.2832832832832833,0.7846443758708899,-0.18888190861131116
284,0.28428428428428426,0.7581925068747278,0.452659542739167
285,0.2852852852852853,0.7312720109703614,0.027553732866691494
286,0.2862862862862863,0.7039104984927531,1.6675692781292595
287,0.2872872872872873,0.6761360158786744,0.6328766299586506
288,0.2882882882882883,0.647977017932825,0.6427597489301504
289,0.28928928928928926,0.6194623396901269,0.8984073724875741
290,0.2902902902902903,0.5906211679020414,0.3277903801612765
291,0.2912912912912913,0.5614830121750738,-0.16471644445372835
292,0.2922922922922923,0.5320776757900284,1.1763131421785196
293,0.2932932932932933,0.5024352262308605,-0.11786894996362363
294,0.29429429429429427,0.47258596545227155,0.4952239305451836
295,0.2952952952952953,0.4425603999154358,-0.1088055421350857
296,0.2962962962962963,0.4123892104215273,-0.3919218205904046
297,0.2972972972972973,0.3821032217728071,1.1064862566161737
298,0.2982982982982983,0.351733372291356,1.2975723503376166
299,0.29929929929929927,0.32131068322552864,1.242979999351529
300,0.3003003003003003,0.2908662280744033,1.1039772265167613
301,0.3013013013013013,0.260431101860591,0.8085257672578685
302,0.3023023023023023,0.23003639038171453,-0.10367330556100163
303,0.3033033033033033,0.19971313947106473,-0.6380840805529417
304,0.30430430430430433,0.16949232429772057,-0.01602533287466476
305,0.3053053053053053,0.13940481873659213,-0.39612689692152236
306,0.3063063063063063,0.10948136483860255,-0.6255433656454314
307,0.3073073073073073,0.0797525424312246,-0.8133930939951248
308,0.3083083083083083,0.05024873887945919,0.5014374673006168
309,0.30930930930930933,0.02100011903708665,-0.9561449637128513
310,0.3103103103103103,-0.007963404581997624,0.5331980924235549
311,0.3113113113113113,-0.036612201382972276,-0.7427189105822222
312,0.3123123123123123,-0.0649169519904575,-0.905872786816946
313,0.3133133133133133,-0.09284867724115764,-0.9136426087639469
314,0.31431431431431434,-0.1203787668400817,0.2237168478677472
315,0.3153153153153153,-0.14747900765198274,-0.6567445879462932
316,0.3163163163163163,-0.17412161160010353,-0.33304267823990663
317,0.3173173173173173,-0.20027924314456064,-0.08554166049672679
318,0.3183183183183183,-0.22592504631326044,0.4951773013443271
319,0.31931931931931934,-0.2510326712585821,0.20305585416407446
320,0.3203203203203203,-0.2755763003135776,-0.7349204898361483
321,0.3213213213213213,-0.2995306735219213,-1.036565074939666
322,0.32232232232232233,-0.3228711136163703,-1.2121224727739743
323,0.3233233233233233,-0.3455735504210156,-0.7423762814591306
324,0.32432432432432434,-0.3676145446532215,-0.843378246173865
325,0.3253253253253253,-0.3889713111016956,-0.4766901775007363
326,0.3263263263263263,-0.40962174115777594,-0.04305907006241505
327,0.32732732732732733,-0.4295444246776647,-0.038293533399950286
328,0.3283283283283283,-0.4487186711539594,-0.8816809779896262
329,0.32932932932932935,-0.4671245301756003,-0.7072706183753593
330,0.3303303303303303,-0.48474281115593154,-1.1224408876821255
331,0.3313313313313313,-0.501555102309441,0.0755359223035964
332,0.33233233233233234,-0.5175437888583541,-1.4038476359918735
333,0.3333333333333333,-0.5326920704511044,-0.13869758700112977
334,0.33433433433433435,-0.5469839777754729,0.01040681410673383
335,0.3353353353353353,-0.5604043883499196,-0.005589264652413273
336,0.3363363363363363,-0.5729390414775518,-1.054093912786842
337,0.33733733733733734,-0.5845745523478876,-0.8369482764827647
338,0.3383383383383383,-0.5952984252725078,-0.4200991548797297
339,0.33933933933933935,-0.6050990660414896,-1.0594552611925554
340,0.34034034034034033,-0.6139657933884081,-0.8722601949526306
341,0.34134134134134136,-0.6218888495525714,-1.2277802891812921
342,0.34234234234234234,-0.6288594099280338,-0.709147642416019
343,0.3433433433433433,-0.634869591789865,-1.5456449892816368
344,0.34434434434434436,-0.6399124620890242,-0.04032069294778817
345,0.34534534534534533,-0.6439820443081482,-1.4900691503348829
346,0.34634634634634637,-0.6470733243714644,-0.6094030267084123
347,0.34734734734734735,-0.6491822556029894,-1.0355620565125971
348,0.3483483483483483,-0.6503057627281081,-0.4952198650653572
349,0.34934934934934936,-0.6504417449145767,0.2684249367522735
350,0.35035035035035034,-0.6495890778499434,-0.35844858893793563
351,0.35135135135135137,-0.6477476148533301,-1.5770227433423483
352,0.35235235235235235,-0.6449181870204803,-0.7841133080043579
353,0.3533533533533533,-0.6411026024019244,-0.621068897765424
354,0.35435435435435436,-0.6363036442150773,-0.5639486548081734
355,0.35535535535535534,-0.6305250680920407,-0.2677400468843649
356,0.3563563563563564,-0.6237715983658201,-1.068579402902288
357,0.35735735735735735,-0.6160489233986455,-1.358327792466005
358,0.35835835835835833,-0.6073636899569967,-0.8220123368628081
359,0.35935935935935936,-0.5977234966389114,0.3150879489529862
360,0.36036036036036034,-0.5871368863600699,-1.2128751028583804
361,0.3613613613613614,-0.5756133379060764,0.23235457195039766
362,0.36236236236236236,-0.5631632565593159,-0.4755513564046632
363,0.36336336336336333,-0.5497979638096202,-0.6359751205180886
364,0.36436436436436437,-0.535529686158954,0.22855313430082513
365,0.36536536536536535,-0.520371543031165,-0.6031636194939932
366,0.3663663663663664,-0.504337533798761,-0.05600226057567448
367,0.36736736736736736,-0.4874425239395594,-0.6893918805333554
368,0.3683683683683684,-0.46970223033685776,0.3383865554650577
369,0.36936936936936937,-0.45113320573771865,-0.07108316535526393
370,0.37037037037037035,-0.43175282238467383,-0.032508713883640405
371,0.3713713713713714,-0.41157925483709196,-0.7561384517228542
372,0.37237237237237236,-0.39063146199915494,0.1229258234746235
373,0.3733733733733734,-0.36892916837223577,-0.09680705747795315
374,0.3743743743743744,-0.34649284455021157,-0.8664522977907925
375,0.37537537537537535,-0.3233436869769928,-1.00226604200648
376,0.3763763763763764,-0.2995035969863033,0.29327935204836014
377,0.37737737737737737,-0.2749951591444139,0.643338046926031
378,0.3783783783783784,-0.24984161891726409,-0.3335639643971784
379,0.3793793793793794,-0.22406685968404683,-0.04209852903667699
380,0.38038038038038036,-0.19769537911999158,0.5177499092671176
381,0.3813813813813814,-0.17075226497168833,-0.2563053582639742
382,0.38238238238238237,-0.14326317024893914,0.7604857834165333
383,0.3833833833833834,-0.11525428785760866,0.03624803623213618
384,0.3843843843843844,-0.08675232469863381,0.5547819167039961
385,0.38538538538538536,-0.057784475258742474,0.7599029615667343
386,0.3863863863863864,-0.028378394719020483,0.6026692428181172
387,0.38738738738738737,0.001437828392057361,-0.6797332447100308
388,0.3883883883883884,0.03163569997415727,0.28943257809755807
389,0.3893893893893894,0.062186348531616975,-0.14094513422902888
390,0.39039039039039036,0.09306055372321748,-0.7815135422300912
391,0.3913913913913914,0.12422877525686976,-0.02770672096344634
392,0.3923923923923924,0.15566118210071087,-0.3269706841204737
393,0.3933933933933934,0.18732768198170108,0.8854042988387227
394,0.3943943943943944,0.21919795114252416,-0.7141927957640835
395,0.39539539539539537,0.2512414643274361,1.1692069080543832
396,0.3963963963963964,0.2834275249673228,-0.005834778088817938
397,0.3973973973973974,0.31572529553419026,0.029139076339276038
398,0.3983983983983984,0.34810382803503204,-0.6192391665975522
399,0.3993993993993994,0.38053209461493237,-0.24900325491269976
400,0.40040040040040037,0.41297901823913996,0.2154980198463574
401,0.4014014014014014,0.4454135034237819,1.3039963380292097
402,0.4024024024024024,0.47780446698480306,-0.3229656725726543
403,0.4034034034034034,0.5101208687747617,1.4007239357329206
404,0.4044044044044044,0.5423317423770576,1.281308803470322
405,0.40540540540540543,0.5744062257272544,0.482731019542358
406,0.4064064064064064,0.6063135916312111,0.25971535516773125
407,0.4074074074074074,0.6380232781498463,0.10351153670795998
408,0.4084084084084084,0.6695049188204973,0.898434331774246
409,0.4094094094094094,0.7007283726849558,-0.23312244436403295
410,0.41041041041041043,0.7316637540945536,-0.23712411701178993
411,0.4114114114114114,0.7622814622627416,0.6198729072592173
412,0.4124124124124124,0.7925522105360074,-0.07129964151455215
413,0.4134134134134134,0.8224470553541596,0.32632903184634543
414,0.4144144144144144,0.8519374248713176,0.2942592555634853
415,0.41541541541541543,0.8809951472093733,0.3873775346550772
416,0.4164164164164164,0.9095924783158902,0.17170294074640569
417,0.4174174174174174,0.937702129398996,-0.03822542480569546
418,0.4184184184184184,0.9652972939120457,0.19626588818954183
419,0.4194194194194194,0.992351674061438,1.2293121930869337
420,0.42042042042042044,1.0188395068113476,1.9673519324474482
421,0.4214214214214214,1.0447355893596373,2.025425592481425
422,0.4224224224224224,1.0700153040598157,0.8881234948059389
423,0.42342342342342343,1.0946546427643256,0.4205634948575363
424,0.4244244244244244,1.1186302305651468,1.3961537452982054
425,0.42542542542542544,1.1419193489082087,1.122530042005683
426,0.4264264264264264,1.1644999580587643,2.1433195126276274
427,0.4274274274274274,1.1863507188955154,0.31695913319907576
428,0.42842842842842843,1.207451014011919,1.7739198906395452
429,0.4294294294294294,1.227780968103835,0.8045779627668228
430,0.43043043043043044,1.2473214676233355,0.7301587077764835
431,0.4314314314314314,1.2660541796792486,1.5910633227446005
432,0.43243243243243246,1.2839615701657436,0.7760879401476726
433,0.43343343343343343,1.3010269211010348,1.6327451562194102
434,0.4344344344344344,1.3172343471590535,1.351851381563631
435,0.43543543543543545,1.3325688113777492,1.1807467882494478
436,0.4364364364364364,1.3470161400284717,1.4563917573513097
437,0.43743743743743746,1.3605630366317496,0.9346660764710091
438,0.43843843843843844,1.3731970951055894,1.7863465076515472
439,0.4394394394394394,1.3849068120333023,1.2146205507004304
440,0.44044044044044045,1.3956815980387274,1.116772719010512
441,0.44144144144144143,1.4055117882575918,2.062825617369067
442,0.44244244244244246,1.4143886518946762,2.2643224758010607
443,0.44344344344344344,1.4223044008573047,0.5143190226318985
444,0.4444444444444444,1.429252197456652,0.8945061831161831
445,0.44544544544544545,1.435226161169229,1.1322649001543554
446,0.44644644644644643,1.4402213744518704,2.070154333192365
447,0.44744744744744747,1.4442338876044818,2.4152167428910767
448,0.44844844844844844,1.4472607226757175,2.385204132016421
449,0.4494494494494494,1.4492998764077498,2.259196567507604
450,0.45045045045045046,1.4503503222171994,1.0434628523452592
451,0.45145145145145144,1.450412011210279,2.434434498039227
452,0.45245245245245247,1.4494858722311426,0.948325954344045
453,0.45345345345345345,1.4475738109433929,0.6593861207078573
454,0.4544544544544544,1.4446787079456531,2.3465839300564415
455,0.45545545545545546,1.4408044159230722,0.9076449268592648
456,0.45645645645645644,1.435955755837573,1.815492285993074
457,0.4574574574574575,1.4301385121606176,0.5468512301217949
458,0.45845845845845845,1.4233594271531975,1.8847776254081499
459,0.45945945945945943,1.415626194198711,2.1790666188663903
460,0.46046046046046046,1.4069474501953128,0.9518212411272378
461,0.46146146146146144,1.397332767015274,1.155446559170131
462,0.4624624624624625,1.3867926420397712,1.1353850086816033
463,0.46346346346346345,1.3753384877784973,1.8729150028587636
464,0.46446446446446443,1.3629826205843325,0.8385971056624102
465,0.46546546546546547,1.3497382484742433,0.6934444465695293
466,0.46646646646646645,1.3356194580684662,1.2342027554439423
467,0.4674674674674675,1.32064120066086,0.9295780154154991
468,0.46846846846846846,1.304819277434245,1.9831975219515499
469,0.4694694694694695,1.288170323835298,0.7636539758665755
470,0.47047047047047047,1.2707117931245029,1.2754907081030258
471,0.47147147147147145,1.2524619391173901,2.137629138513251
472,0.4724724724724725,1.23343979813414,1.5014351936234616
473,0.47347347347347346,1.213665170175418,1.9482439811003476
474,0.4744744744744745,1.1931585993430125,2.073577978052547
475,0.4754754754754755,1.1719413535246979,1.6734710772974017
476,0.47647647647647645,1.1500354033633429,1.5491855238128456
477,0.4774774774774775,1.1274634005311244,2.0633945337395785
478,0.47847847847847846,1.1042486553302857,2.0930502346256445
479,0.4794794794794795,1.0804151136426023,0.9840584789821216
480,0.4804804804804805,1.0559873332503715,0.19772688961878826
481,0.48148148148148145,1.0309904595522885,0.6165785224333262
482,0.4824824824824825,1.0054502006982857,0.31015961207374665
483,0.48348348348348347,0.9793928021678735,0.8143655517598971
484,0.4844844844844845,0.9528450208171453,0.21542367776365734
485,0.4854854854854855,0.9258340984201048,1.1340697064618688
486,0.48648648648648646,0.8983877347304805,0.6640038530461887
487,0.4874874874874875,0.8705340600906564,1.6613058286670763
488,0.48848848848848847,0.8423016076148282,1.777890951211832
489,0.4894894894894895,0.8137192849738611,0.9074890883127055
490,0.4904904904904905,0.7848163458097728,0.33446348554496597
491,0.49149149149149146,0.7556223608080996,0.9400831983317732
492,0.4924924924924925,0.7261671884567449,1.5196895049055645
493,0.4934934934934935,0.6964809455202563,0.5099476371917528
494,0.4944944944944945,0.666593977258663,0.7707505306426047
495,0.4954954954954955,0.6365368274204157,0.17984236263270748
496,0.4964964964964965,0.6063402080389972,0.5172285069390512
497,0.4974974974974975,0.5760349690631675,0.3794620398223648
498,0.4984984984984985,0.545652067850806,0.04247899801674804
499,0.4994994994994995,0.5152225385565403,0.526955306207157
500,0.5005005005005005,0.4847774614434591,0.10553911340308197
501,0.5015015015015015,0.45434793214919517,0.2004176599106901
502,0.5025025025025025,0.4239650309368337,0.4739059154453622
503,0.5035035035035035,0.39365979196100404,0.8948498378189791
504,0.5045045045045045,0.36346317257958716,0.03047810416213781
505,0.5055055055055055,0.33340602274133657,1.1817235559828636
506,0.5065065065065065,0.303519054479745,1.0281561481515498
507,0.5075075075075075,0.27383281154325634,-0.6287865965056866
508,0.5085085085085085,0.24437763919190314,-0.24833731229445133
509,0.5095095095095095,0.2151836541902284,0.10745467950863224
510,0.5105105105105106,0.18628071502613835,-0.6044635074889135
511,0.5115115115115115,0.15769839238517303,-0.14534962954783281
512,0.5125125125125125,0.1294659399093464,0.6096609911447114
513,0.5135135135135135,0.10161226526952372,0.46264122755517545
514,0.5145145145145145,0.07416590157989622,0.3189347587119059
515,0.5155155155155156,0.04715497918285427,0.46821178462754554
516,0.5165165165165165,0.02060719783212761,-0.5695454282484689
517,0.5175175175175175,-0.005450200698283059,-0.3220539709688188
518,0.5185185185185185,-0.030990459552287408,0.3214945050026383
519,0.5195195195195195,-0.0559873332503692,0.702482192812285
520,0.5205205205205206,-0.08041511364260268,0.00694099401358772
521,0.5215215215215215,-0.10424865533028349,-0.5388493534392103
522,0.5225225225225225,-0.12746340053112215,-1.066992884519157
523,0.5235235235235235,-0.15003540336334198,0.2706382545850847
524,0.5245245245245245,-0.17194135352469575,-1.156173146507815
525,0.5255255255255256,-0.19315859934301272,-0.44780045970102167
526,0.5265265265265265,-0.21366517017541597,-0.15259074104985237
527,0.5275275275275275,-0.2334397981341404,0.6107831254002457
528,0.5285285285285285,-0.25246193911738835,-1.0734728490515881
529,0.5295295295295295,-0.2707117931245011,-0.45882714918793366
530,0.5305305305305306,-0.2881703238352973,-1.2395439244149817
531,0.5315315315315315,-0.30481927743424353,-0.6195973087510629
532,0.5325325325325325,-0.3206412006608603,-0.07617908298127052
533,0.5335335335335335,-0.3356194580684646,-0.7774835616112679
534,0.5345345345345345,-0.34973824847424195,-0.9302383491629718
535,0.5355355355355356,-0.3629826205843313,-1.131576153930144
536,0.5365365365365365,-0.37533848777849765,-0.22105799973781404
537,0.5375375375375375,-0.3867926420397707,0.0037473697696013275
538,0.5385385385385385,-0.39733276701527287,-0.05341848582362818
539,0.5395395395395395,-0.40694745019531187,0.4907745912457029
540,0.5405405405405406,-0.41562619419870994,-1.4102197664117044
541,0.5415415415415415,-0.42335942715319763,-0.1289661193651256
542,0.5425425425425425,-0.4301385121606174,-0.22935403796533826
543,0.5435435435435435,-0.4359557558375725,-0.25847653589699615
544,0.5445445445445445,-0.4408044159230714,0.48473622375741343
545,0.5455455455455456,-0.44467870794565323,-1.4109353612055737
546,0.5465465465465466,-0.44757381094339277,-0.05460894954049256
547,0.5475475475475475,-0.44948587223114256,0.1778714271725843
548,0.5485485485485485,-0.45041201121027874,-0.43079761796711047
549,0.5495495495495496,-0.4503503222171993,-0.782420583023581
550,0.5505505505505506,-0.4492998764077498,0.13238045004706
551,0.5515515515515516,-0.4472607226757176,-1.2527748714108684
552,0.5525525525525525,-0.4442338876044819,-0.5601626121446314
553,0.5535535535535535,-0.44022137445187104,-0.40031662531019463
554,0.5545545545545546,-0.4352261611692285,-0.04731333930013348
555,0.5555555555555556,-0.42925219745665233,-1.2474807333918334
556,0.5565565565565566,-0.42230440085730503,-0.9667853977815831
557,0.5575575575575575,-0.41438865189467655,-0.5937855265144253
558,0.5585585585585585,-0.40551178825759315,-0.15892244221733187
559,0.5595595595595596,-0.3956815980387267,0.3782399643961083
560,0.5605605605605606,-0.3849068120333027,-0.1472544755505497
561,0.5615615615615616,-0.37319709510558985,-1.106274153235721
562,0.5625625625625625,-0.3605630366317508,0.600597228942814
563,0.5635635635635635,-0.34701614002847225,0.3965553294825136
564,0.5645645645645646,-0.33256881137774885,-0.32712728908710076
565,0.5655655655655656,-0.3172343471590541,0.527461616434212
566,0.5665665665665666,-0.30102692110103546,-0.21826533358676392
567,0.5675675675675675,-0.2839615701657453,0.562650565612581
568,0.5685685685685685,-0.2660541796792494,0.393740557527437
569,0.5695695695695696,-0.24732146762333518,0.6892513529652594
570,0.5705705705705706,-0.22778096810383552,0.6117846534524812
571,0.5715715715715716,-0.2074510140119208,-1.1353833791547818
572,0.5725725725725725,-0.18635071889551624,-0.8368067105736363
573,0.5735735735735735,-0.16449995805876638,-0.38623060385639485
574,0.5745745745745746,-0.14191934890820812,0.7623660456826334
575,0.5755755755755756,-0.11863023056514754,-0.5185723916132884
576,0.5765765765765766,-0.09465464276432789,-0.7737193549891258
577,0.5775775775775776,-0.07001530405981671,0.7025940281133031
578,0.5785785785785785,-0.044735589359639616,-0.1519467583932338
579,0.5795795795795796,-0.01883950681134705,0.7969116818973051
580,0.5805805805805806,0.007648325938559575,-0.6718907414211539
581,0.5815815815815816,0.03470270608795478,0.3569377291041538
582,0.5825825825825826,0.062297870601003,-0.057174623740013364
583,0.5835835835835835,0.09040752168410715,-0.7566189402553221
584,0.5845845845845846,0.11900485279062728,0.5119311420956285
585,0.5855855855855856,0.1480625751286797,-0.3571399137930129
586,0.5865865865865866,0.17755294464584093,-0.7432160101951236
587,0.5875875875875876,0.20744778946398973,-0.6726636140368638
588,0.5885885885885885,0.2377185377372555,-0.6401243881291698
589,0.5895895895895896,0.26833624590544525,1.0838021608755242
590,0.5905905905905906,0.2992716273150447,0.7790394629732467
591,0.5915915915915916,0.3304950811795032,1.1266197956069735
592,0.5925925925925926,0.3619767218501508,0.7071413444431935
593,0.5935935935935935,0.3936864083687859,0.4515662664305522
594,0.5945945945945946,0.4255937742727445,0.034486502967501
595,0.5955955955955956,0.45766825762294294,1.4535927602802898
596,0.5965965965965966,0.4898791312252371,0.21425724910401578
597,0.5975975975975976,0.522195533015194,0.463493431443013
598,0.5985985985985985,0.5545864965762133,0.3110768464231368
599,0.5995995995995996,0.5870209817608606,1.546074840431778
600,0.6006006006006006,0.6194679053850682,-0.031215323824920205
601,0.6016016016016016,0.6518961719649667,0.3078721737811261
602,0.6026026026026026,0.6842747044658067,1.04497203649581
603,0.6036036036036035,0.7165724750326724,-0.1570122882900663
604,0.6046046046046046,0.7487585356725645,0.9632572836956464
605,0.6056056056056056,0.7808020488574746,0.7360950546103068
606,0.6066066066066066,0.8126723180182978,0.38067227154249994
607,0.6076076076076076,0.8443388178992844,0.32116537974740045
608,0.6086086086086087,0.8757712247431291,0.9047967113406425
609,0.6096096096096096,0.906939446276783,0.6427946073508657
610,0.6106106106106106,0.9378136514683819,0.8508534339936926
611,0.6116116116116116,0.9683643000258415,0.6433190635543213
612,0.6126126126126126,0.9985621716079381,1.9395495587998934
613,0.6136136136136137,1.0283783947190226,0.29525725821023063
614,0.6146146146146146,1.0577844752587413,0.2513923816154897
615,0.6156156156156156,1.0867523246986328,0.7735357822804649
616,0.6166166166166166,1.115254287857606,1.2973080895985885
617,0.6176176176176176,1.143263170248938,1.4616161139489945
618,0.6186186186186187,1.1707522649716904,0.9652657593077745
619,0.6196196196196196,1.1976953791199905,2.196251366964333
620,0.6206206206206206,1.2240668596840458,0.927852852070131
621,0.6216216216216216,1.2498416189172619,1.6926549548371668
622,0.6226226226226226,1.2749951591444129,1.5501605482059986
623,0.6236236236236237,1.2995035969863036,1.9256113234812249
624,0.6246246246246246,1.323343686976992,2.2757950138846317
625,0.6256256256256256,1.3464928445502096,2.12608015744129
626,0.6266266266266266,1.3689291683722338,1.898053117087651
627,0.6276276276276276,1.390631461999154,1.7871284176357352
628,0.6286286286286287,1.4115792548370925,1.0825755941888917
629,0.6296296296296297,1.4317528223846732,0.7271239787980879
630,0.6306306306306306,1.4511332057377169,0.5764052118573364
631,0.6316316316316316,1.469702230336858,0.9535056387398277
632,0.6326326326326326,1.4874425239395577,1.352005486302155
633,0.6336336336336337,1.5043375337987615,1.5483300810587264
634,0.6346346346346347,1.5203715430311635,2.066538651140907
635,0.6356356356356356,1.5355296861589527,2.4530115322721384
636,0.6366366366366366,1.5497979638096195,0.7844389245792416
637,0.6376376376376376,1.5631632565593148,0.7771715369468979
638,0.6386386386386387,1.5756133379060766,1.755002783933178
639,0.6396396396396397,1.587136886360069,2.077933034254655
640,0.6406406406406406,1.5977234966389116,2.2940242573328815
641,0.6416416416416416,1.6073636899569959,2.479027850390573
642,0.6426426426426426,1.6160489233986448,2.5829014079199286
643,0.6436436436436437,1.62377159836582,1.4233749828148718
644,0.6446446446446447,1.63052506809204,1.3911954351471862
645,0.6456456456456456,1.6363036442150773,0.9319209976096221
646,0.6466466466466466,1.641102602401924,2.010971479769043
647,0.6476476476476476,1.64491818702048,1.9584421039021542
648,0.6486486486486487,1.64774761485333,2.3718728065557446
649,0.6496496496496497,1.6495890778499434,0.8441050674252246
650,0.6506506506506506,1.650441744914577,1.6459955605652605
651,0.6516516516516516,1.6503057627281081,1.8124696220722343
652,0.6526526526526526,1.6491822556029896,1.1322963356828264
653,0.6536536536536537,1.6470733243714646,0.9851241366297872
654,0.6546546546546547,1.643982044308148,2.3631437171473912
655,0.6556556556556556,1.6399124620890244,0.756982306560142
656,0.6566566566566566,1.6348695917898657,1.5761113996260114
657,0.6576576576576576,1.628859409928035,0.8605274125298055
658,0.6586586586586587,1.6218888495525707,1.5360063722153054
659,0.6596596596596597,1.6139657933884084,2.573890446073027
660,0.6606606606606606,1.6050990660414899,1.4525117729524355
661,0.6616616616616616,1.5952984252725089,2.3095482602816437
662,0.6626626626626626,1.5845745523478894,0.8192056807142771
663,0.6636636636636637,1.5729390414775515,1.1154431950012798
664,0.6646646646646647,1.5604043883499201,1.3679898696845891
665,0.6656656656656657,1.5469839777754735,1.346608257794135
666,0.6666666666666666,1.532692070451107,1.8754590277914132
667,0.6676676676676676,1.5175437888583545,1.2069800436093698
668,0.6686686686686687,1.5015551023094416,1.9290888391294743
669,0.6696696696696697,1.4847428111559322,1.7631166096067172
670,0.6706706706706707,1.4671245301756008,1.265446820685147
671,0.6716716716716716,1.4487186711539624,1.3122389264626009
672,0.6726726726726726,1.4295444246776654,1.6585998242983069
673,0.6736736736736737,1.409621741157777,0.5497061214470662
674,0.6746746746746747,1.3889713111016964,2.033784787813077
675,0.6756756756756757,1.3676145446532237,1.6744568668804976
676,0.6766766766766766,1.3455735504210167,1.7982584792566871
677,0.6776776776776777,1.32287111361637,1.3967171157811509
678,0.6786786786786787,1.2995306735219223,0.5204848955054118
679,0.6796796796796797,1.2755763003135785,1.0856475269074783
680,0.6806806806806807,1.2510326712585846,1.0617798369556968
681,0.6816816816816816,1.2259250463132614,0.8680110263996952
682,0.6826826826826827,1.2002792431445601,0.26017989295405886
683,0.6836836836836837,1.1741216116001045,1.6486300967930592
684,0.6846846846846847,1.1474790076519854,0.3670479237769868
685,0.6856856856856857,1.1203787668400813,1.3329950329302516
686,0.6866866866866866,1.0928486772411603,1.4992836701755918
687,0.6876876876876877,1.064916951990457,1.3344895978578466
688,0.6886886886886887,1.0366122013829733,1.9548967053389232
689,0.6896896896896897,1.0079634045820005,0.21455971475227775
690,0.6906906906906907,0.9789998809629128,1.713334199173311
691,0.6916916916916916,0.9497512611205436,0.008131730818370153
692,0.6926926926926927,0.9202474575687749,0.9900811674229428
693,0.6936936936936937,0.8905186351614004,0.699005871039918
694,0.6946946946946947,0.8605951812634073,0.9089629020509237
695,0.6956956956956957,0.8305076757022807,0.5607074298223003
696,0.6966966966966966,0.8002868605289382,0.18142069040907427
697,0.6976976976976977,0.7699636096182849,-0.19179059548433552
698,0.6986986986986987,0.7395688981394121,0.7758685257217607
699,0.6996996996996997,0.7091337719255961,1.3946874972952807
700,0.7007007007007007,0.6786893167744743,0.4251212282640626
701,0.7017017017017017,0.648266627708647,0.09399426373860742
702,0.7027027027027027,0.6178967782271942,-0.2210392148291176
703,0.7037037037037037,0.5876107895784721,-0.24176736418412115
704,0.7047047047047047,0.5574396000845636,0.0002324926701080532
705,0.7057057057057057,0.5274140345477314,-0.27255784360915825
706,0.7067067067067067,0.4975647737691424,0.02764417049810647
707,0.7077077077077077,0.4679223242099728,-0.39977875155611775
708,0.7087087087087087,0.4385169878249257,-0.430273277755223
709,0.7097097097097097,0.4093788320979598,1.1219311913435237
710,0.7107107107107107,0.3805376603098759,-0.29522181827245764
711,0.7117117117117117,0.3520229820671793,0.47138779371407524
712,0.7127127127127127,0.3238639841213234,0.8707750730193844
713,0.7137137137137137,0.29608950150724633,0.20890863218537958
714,0.7147147147147147,0.2687279890296396,-0.42453425525166893
715,0.7157157157157157,0.24180749312527472,-0.3590002226344966
716,0.7167167167167167,0.21535562412911424,0.0813240366914757
717,0.7177177177177178,0.189399528971665,0.24586770732873653
718,0.7187187187187187,0.16396586433460159,-0.13715355156832865
719,0.7197197197197197,0.13908077029111532,0.702039970760438
720,0.7207207207207207,0.11476984445717486,0.6168131421699717
721,0.7217217217217217,0.09105811667916519,0.945481731425401
722,0.7227227227227228,0.06797002428298693,-0.874124877663092
723,0.7237237237237237,0.045529387909057695,0.8369119703294645
724,0.7247247247247247,0.02375938795712862,-0.1911030351185693
725,0.7257257257257257,0.002682541664218774,0.7594275324242069
726,0.7267267267267267,-0.01767931916169141,0.3638902331513677
727,0.7277277277277278,-0.037305069730162566,0.9373924444177738
728,0.7287287287287287,-0.05617431315767518,0.462390590275661
729,0.7297297297297297,-0.07426740063720949,-0.3451781486436363
730,0.7307307307307307,-0.09156545086807655,-0.08943910519857234
731,0.7317317317317317,-0.10805036872680707,-0.3552720583381046
732,0.7327327327327328,-0.12370486316061324,-0.393881191118137
733,0.7337337337337337,-0.13851246428575192,-0.6167034655236324
734,0.7347347347347347,-0.152457539673868,-0.1605169489269288
735,0.7357357357357357,-0.16552530981020874,0.19795458032851365
736,0.7367367367367368,-0.17770186270842947,-0.6230213200979424
737,0.7377377377377378,-0.18897416766754715,-0.1402145455131072
738,0.7387387387387387,-0.19933008815742648,-0.9645694998163121
739,0.7397397397397397,-0.20875839382005446,-0.8890678201116718
740,0.7407407407407407,-0.21724877157474787,-1.1236360621503705
741,0.7417417417417418,-0.2247918358162998,0.7166710497249659
742,0.7427427427427428,-0.2313791376959934,-1.223658434675471
743,0.7437437437437437,-0.23700317347629551,-0.8798432373609829
744,0.7447447447447447,-0.2416573919509698,-0.01592388571698511
745,0.7457457457457457,-0.24533620092327368,-1.0825970032166632
746,0.7467467467467468,-0.24803497273583852,0.5157580334578261
747,0.7477477477477478,-0.2497500488467519,0.18949026683782444
748,0.7487487487487487,-0.25047874344733057,0.6823011994284562
749,0.7497497497497497,-0.2502193461179971,-0.23494825163646738
750,0.7507507507507507,-0.24897112351963802,-0.6481637572026636
751,0.7517517517517518,-0.2467343201187706,-0.14773317452822776
752,0.7527527527527528,-0.24351015794580178,0.6181272766501446
753,0.7537537537537538,-0.23930083538661384,-0.1977779609028928
754,0.7547547547547547,-0.2341095250086811,-0.6996954612840438
755,0.7557557557557557,-0.22794037042385484,0.5268572079243844
756,0.7567567567567568,-0.22079848219092946,-0.4769609851660068
757,0.7577577577577578,-0.21268993276203962,-1.2099232327640412
758,0.7587587587587588,-0.20362175047787467,-0.7082517054932428
759,0.7597597597597597,-0.19360191261767,-0.5571348942635452
760,0.7607607607607607,-0.1826393375108215,0.5349155989529828
761,0.7617617617617618,-0.17074387571794591,-0.2537375415850559
762,0.7627627627627628,-0.1579263002900999,-0.2687517246674984
763,0.7637637637637638,-0.1441982961157826,-0.47199376331600784
764,0.7647647647647647,-0.12957244836626336,0.6317837977278958
765,0.7657657657657657,-0.11406223005066529,0.7759913238301175
766,0.7667667667667668,-0.09768198869309885,0.8860986696161599
767,0.7677677677677678,-0.08044693214503418,-0.32696439822306067
768,0.7687687687687688,-0.06237311354692532,0.8699217777074174
769,0.7697697697697697,-0.04347741545396455,0.5402817238078381
770,0.7707707707707707,-0.0237775331416753,0.3276007621468583
771,0.7717717717717718,-0.0032919571078287024,-0.5135129982676299
772,0.7727727727727728,0.01796004521197414,-0.5491254328996062
773,0.7737737737737738,0.03995844849704522,-0.6279459024604634
774,0.7747747747747747,0.06268248934374732,0.9081957097944781
775,0.7757757757757757,0.08611068679751077,-0.32573598843615703
776,0.7767767767767768,0.11022086359440575,0.01640935449216263
777,0.7777777777777778,0.13499016809123832,0.12290583606568528
778,0.7787787787787788,0.16039509686256204,0.7167382877630704
779,0.7797797797797797,0.18641151794215682,0.8748814410482051
780,0.7807807807807807,0.21301469468607193,-0.5088399030167025
781,0.7817817817817818,0.2401793102335925,0.09398803065573991
782,0.7827827827827828,0.26787949254196963,0.9535892682128839
783,0.7837837837837838,0.2960888399701474,0.9321554514818242
784,0.7847847847847848,0.3247804473861705,-0.4703920357089967
785,0.7857857857857857,0.35392693277248694,-0.33330636949158704
786,0.7867867867867868,0.383500464302806,-0.008102152498378368
787,0.7877877877877878,0.41347278786376795,-0.4358090739695514
788,0.7887887887887888,0.4438152549941959,0.29314126067538165
789,0.7897897897897898,0.4744988512142868,-0.31026573848654937
790,0.7907907907907907,0.505494224716739,0.6419294120564291
791,0.7917917917917918,0.5367717153914814,0.02988559501379362
792,0.7927927927927928,0.5683013841552187,0.7611675148544641
793,0.7937937937937938,0.6000530425568932,-0.16489567163583152
794,0.7947947947947948,0.6319962826296994,1.5837640194667661
795,0.7957957957957957,0.6641005069601696,1.5292229146748504
796,0.7967967967967968,0.6963349589446285,0.4799288360739601
797,0.7977977977977978,0.7286687532030114,0.21302594145518228
798,0.7987987987987988,0.7610709061200818,0.2618673318272273
799,0.7997997997997998,0.7935103664837306,0.7602974368885147
800,0.8008008008008007,0.8259560461901737,-0.09405835000839236
801,0.8018018018018018,0.8583768509855934,1.1377870631358473
802,0.8028028028028028,0.8907417112138617,0.7073475278933513
803,0.8038038038038038,0.9230196125399768,0.6778327577177514
804,0.8048048048048048,0.9551796266187397,1.5739095695971366
805,0.8058058058058059,0.9871909416784571,1.405261862045037
806,0.8068068068068068,1.0190228929893135,1.9276905237746975
807,0.8078078078078078,1.0506449931863957,0.7545174741777771
808,0.8088088088088088,1.0820269624172738,1.8771124917160849
809,0.8098098098098098,1.1131387582844343,1.653073130784612
810,0.8108108108108109,1.143950605552868,0.8587999087422942
811,0.8118118118118118,1.1744330255934772,1.4177638984999927
812,0.8128128128128128,1.2045568655332104,0.7816967808366015
813,0.8138138138138138,1.234293327083027,1.9830931612327116
814,0.8148148148148148,1.2636139950152745,0.488468629439897
815,0.8158158158158159,1.2924908652622427,0.7173595878503247
816,0.8168168168168168,1.3208963726081426,0.6869629567679849
817,0.8178178178178178,1.348803417947138,1.1548554227557153
818,0.8188188188188188,1.3761853950804595,1.8666513151447177
819,0.8198198198198198,1.4030162170260905,1.4568311151304512
820,0.8208208208208209,1.429270341815037,1.404622988891452
821,0.8218218218218218,1.4549227977486439,0.45601472754263517
822,0.8228228228228228,1.479949208092011,1.3307526588021203
823,0.8238238238238238,1.5043258151790746,0.6314333648513915
824,0.8248248248248248,1.5280295039055063,0.9445360081484739
825,0.8258258258258259,1.5510378245862246,2.415825702507213
826,0.8268268268268268,1.5733290151548793,1.0041254238413557
827,0.8278278278278278,1.594882022683426,2.311557299951951
828,0.8288288288288288,1.6156765242004174,2.221463267323086
829,0.8298298298298298,1.6356929467874965,0.9539854206719822
830,0.8308308308308309,1.654912486934196,1.8663364014747537
831,0.8318318318318318,1.673317129131882,0.9046408729419086
832,0.8328328328328328,1.6908896636885196,2.1466659804275423
833,0.8338338338338338,1.7076137037465609,1.982538258490974
834,0.8348348348348348,1.7234737014871904,2.347350824869229
835,0.8358358358358359,1.7384549635048705,1.6972240622832466
836,0.8368368368368369,1.7525436653370057,2.5822698410037717
837,0.8378378378378378,1.7657268651343463,0.8644247587112257
838,0.8388388388388388,1.7779925164586055,1.3637696465126348
839,0.8398398398398398,1.7893294801946529,2.2194346751249867
840,0.8408408408408409,1.799727535565491,1.6359459590614926
841,0.8418418418418419,1.8091773902391317,1.1550800987814445
842,0.8428428428428428,1.8176706895173766,1.0320921803744687
843,0.8438438438438438,1.8252000245974025,2.4598782475206455
844,0.8448448448448448,1.8317589398980045,1.778044896829293
845,0.8458458458458459,1.8373419394432307,2.6019092832814454
846,0.8468468468468469,1.8419444922971127,2.3085227609305647
847,0.8478478478478478,1.8455630370441092,1.6650154483055963
848,0.8488488488488488,1.8481949853108297,1.595217013622197
849,0.8498498498498498,1.8498387243255638,1.8811154176280673
850,0.8508508508508509,1.850493618513081,2.628613524892538
851,0.8518518518518519,1.8501600101231201,2.324717169551456
852,0.8528528528528528,1.8488392188919573,0.8591451474300038
853,0.8538538538538538,1.8465335407373742,2.234849243475625
854,0.8548548548548548,1.843246245488328,2.6822610592999694
855,0.8558558558558559,1.8389815736515602,2.259893092660543
856,0.8568568568568569,1.8337447322183498,1.1877562953533416
857,0.8578578578578578,1.8275418895155455,1.794578144370463
858,0.8588588588588588,1.8203801691059849,1.1010122049528237
859,0.8598598598598598,1.8122676427443123,1.5302581994235764
860,0.8608608608608609,1.8032133223951798,2.6774474062762152
861,0.8618618618618619,1.7932271513217168,2.6398377664391335
862,0.8628628628628628,1.7823199942530685,1.3479936986052343
863,0.8638638638638638,1.7705036266407541,1.4497657149731524
864,0.8648648648648649,1.7577907230144334,1.9582164592770213
865,0.8658658658658659,1.7441948444486353,2.6705894349693953
866,0.8668668668668669,1.7297304251527978,1.0253330932835787
867,0.8678678678678678,1.714412758197929,1.2282460455712672
868,0.8688688688688688,1.698257980393953,2.445371634975496
869,0.8698698698698699,1.681283056332736,1.665067519749425
870,0.8708708708708709,1.6635057616125568,2.46142794606662
871,0.8718718718718719,1.6449446652605895,1.015980460306942
872,0.8728728728728729,1.6256191113708285,1.6909562863135499
873,0.8738738738738738,1.6055491999755542,1.258088465274299
874,0.8748748748748749,1.584755767169304,1.217840886954256
875,0.8758758758758759,1.5632603645049854,1.4570142923973837
876,0.8768768768768769,1.5410852376824913,1.4072401358850282
877,0.8778778778778779,1.5182533045509052,1.232947063906814
878,0.8788788788788788,1.494788132446061,2.3247296730772984
879,0.8798798798798799,1.470713914885839,1.9342022857516246
880,0.8808808808808809,1.4460554476462733,1.9011494303093326
881,0.8818818818818819,1.420838104242099,1.0006650034260098
882,0.8828828828828829,1.395087810835999,1.5505066594696797
883,0.8838838838838838,1.368831020601375,1.927189887205043
884,0.8848848848848849,1.3420946875639626,1.9332754246503887
885,0.8858858858858859,1.314906239948212,1.0039671614568366
886,0.8868868868868869,1.2872935530546918,1.8290390661919875
887,0.8878878878878879,1.2592849216954585,1.7310727153109244
888,0.8888888888888888,1.2309090322145615,0.513922003458362
889,0.8898898898898899,1.202194934121378,1.9340858712543325
890,0.8908908908908909,1.1731720113648627,1.0558149517256843
891,0.8918918918918919,1.1438699532770187,1.1166908510543496
892,0.8928928928928929,1.114318725214455,1.0110570830104497
893,0.8938938938938938,1.0845485389269596,1.2202405418819746
894,0.8948948948948949,1.0545898226824435,1.296928317416553
895,0.8958958958958959,1.0244731911777651,1.020832322703652
896,0.8968968968968969,0.9942294152652016,1.7278065017833928
897,0.8978978978978979,0.963889391524522,1.219358903915091
898,0.8988988988988988,0.9334841117107178,0.7363400103217577
899,0.8998998998998999,0.9030446321076359,0.7364281459250578
900,0.9009009009009009,0.8726020428177839,1.4942792730756866
901,0.9019019019019019,0.8421874370186946,0.5385713225117348
902,0.9029029029029029,0.8118318802162625,0.23474147178108962
903,0.9039039039039038,0.7815663795254486,-0.09966724446297293
904,0.9049049049049049,0.7514218530086887,1.503475548849837
905,0.9059059059059059,0.721429099102415,1.558522001483115
906,0.9069069069069069,0.6916187661618195,-0.06814086951122855
907,0.9079079079079079,0.6620213221540585,0.33096880514628824
908,0.9089089089089089,0.6326670245298368,-0.01658883643967546
909,0.9099099099099099,0.6035858903031268,-0.16461717204511372
910,0.9109109109109109,0.5748076663686967,1.3745411523687572
911,0.9119119119119119,0.5463618000866928,-0.3398836816225963
912,0.9129129129129129,0.5182774101634733,1.4792487371014869
913,0.9139139139139139,0.49058325785738205,-0.3165150207478496
914,0.914914914914915,0.46330771853802066,1.190249016925192
915,0.9159159159159159,0.43647875362710825,0.5694909676054336
916,0.9169169169169169,0.41012388294864466,0.1459588585843914
917,0.9179179179179179,0.3842701575157971,0.06895491076611282
918,0.9189189189189189,0.3589441327813262,0.8736724192567437
919,0.91991991991992,0.3341718423780816,-0.03668156761334396
920,0.9209209209209209,0.3099787723754974,0.624616605609781
921,0.9219219219219219,0.28638983607753843,0.32104200310969866
922,0.9229229229229229,0.26342934938702867,0.23336063970316967
923,0.9239239239239239,0.24112100676073756,1.0434453480590609
924,0.924924924924925,0.21948785777897306,0.32877797501949224
925,0.9259259259259259,0.19855228435287697,0.8522754904502668
926,0.9269269269269269,0.17833597859193706,0.6294830467949158
927,0.9279279279279279,0.15885992135361282,-0.7640255865283905
928,0.9289289289289289,0.14014436149630005,0.6863644665071384
929,0.92992992992993,0.12220879585612232,-0.44405070396179636
930,0.9309309309309309,0.10507194996738789,0.9113712436705309
931,0.9319319319319319,0.08875175954571046,-0.8253998592366255
932,0.9329329329329329,0.07326535275218926,-0.2605905782991732
933,0.933933933933934,0.058629033256121565,-0.7419050722743704
934,0.934934934934935,0.04485826411302862,-0.003963501717283879
935,0.9359359359359359,0.03196765247392008,0.6720125242134236
936,0.9369369369369369,0.019970935140924406,-0.3836543455329474
937,0.9379379379379379,0.00888096498357649,-0.6892492403943403
938,0.938938938938939,-0.0012903017708194575,-0.3407562303770211
939,0.93993993993994,-0.010531817360171725,0.6172284664811002
940,0.9409409409409409,-0.018833453412247847,-0.7380655378135541
941,0.9419419419419419,-0.026186010960176254,-0.5714611128051726
942,0.9429429429429429,-0.03258122953889486,-0.894877300552147
943,0.943943943943944,-0.038011795353562916,0.37340829262565245
944,0.944944944944945,-0.042471348511843976,-0.25200486143917034
945,0.9459459459459459,-0.04595448931293078,-0.42427453502629875
946,0.9469469469469469,-0.0484567835870654,0.3887959970952385
947,0.9479479479479479,-0.049974767080295246,-0.3780196823997848
948,0.948948948948949,-0.05050594888012039,0.4050365975487157
949,0.94994994994995,-0.05004881387864746,0.5803499767499796
950,0.950950950950951,-0.04860282427081297,-0.6132771373553361
951,0.9519519519519519,-0.046168420086194595,0.901468973605772
952,0.9529529529529529,-0.04274701875388487,-0.7180311229285513
953,0.953953953953954,-0.03834101370085963,-0.4566592003873745
954,0.954954954954955,-0.0329537719852232,-0.67336319031814
955,0.955955955955956,-0.026589630966672217,-0.3355783182540033
956,0.9569569569569569,-0.01925389401747346,-0.05913211837596222
957,0.9579579579579579,-0.01095282527819208,0.033398912726046115
958,0.958958958958959,-0.0016936434633619823,0.705518441129182
959,0.95995995995996,0.00851548527678292,0.787411302908516
960,0.960960960960961,0.019665455431456813,-0.5401268230067304
961,0.9619619619619619,0.031746231133357394,0.2775342955048623
962,0.9629629629629629,0.044746856082688025,-0.7322610293198808
963,0.963963963963964,0.05865546438136726,-0.023404815254496114
964,0.964964964964965,0.07345929226668035,-0.2818736316400834
965,0.965965965965966,0.08914469073281084,-0.27785381835997636
966,0.9669669669669669,0.10569713902773559,0.07086562245193762
967,0.9679679679679679,0.12310125901214863,0.5827565300706837
968,0.968968968968969,0.14134083036623746,-0.7202938520489836
969,0.96996996996997,0.1603988066292248,0.9187454820040337
970,0.970970970970971,0.18025733205587713,0.6498848813169993
971,0.9719719719719719,0.20089775927324627,-0.44610346294863346
972,0.9729729729729729,0.22230066772024648,1.1006224858949873
973,0.973973973973974,0.2444458828517848,0.257070330898562
974,0.974974974974975,0.26731249608846874,1.2669296523223994
975,0.975975975975976,0.29087888549219476,-0.31460216590632994
976,0.9769769769769769,0.31512273714710737,0.3849391339135101
977,0.9779779779779779,0.34002106722486325,-0.07948284765527991
978,0.978978978978979,0.365550244712316,-0.026102640509190866
979,0.97997997997998,0.3916860147791753,0.5738167764471557
980,0.980980980980981,0.4184035227625431,1.2618416565042097
981,0.9819819819819819,0.44567733874459736,1.0562050499029474
982,0.9829829829829829,0.4734814826991063,0.921364279701758
983,0.983983983983984,0.5017894501819345,0.620137014385339
984,0.984984984984985,0.5305742385401077,1.375171245875003
985,0.985985985985986,0.5598083736135494,0.5445311869953177
986,0.986986986986987,0.5894639369030713,1.3371282935725075
987,0.9879879879879879,0.6195125931777339,1.2874758809309974
988,0.988988988988989,0.6499256184943148,0.07759631209748796
989,0.98998998998999,0.6806739286011207,1.2231248545329412
990,0.990990990990991,0.7117281076981592,-0.2639295784153233
991,0.991991991991992,0.743058437525097,0.3887175126212721
992,0.992992992992993,0.7746349267483463,0.2337698161322459
993,0.993993993993994,0.8064273406181576,0.8201532575927845
994,0.994994994994995,0.8384052308664365,1.3121115542280075
995,0.995995995995996,0.8705379658156976,0.06589070071114589
996,0.996996996996997,0.9027947606693669,0.9326391645429037
997,0.997997997997998,0.9351447079535179,1.811968751342289
998,0.998998998998999,0.9675568080798786,0.42484991004576966
999,1.0,0.9999999999999988,1.354282288222847
